<?xml version="1.0" encoding="UTF-8"?>
<metadata modelVersion="1.1.0">
  <groupId>com.xinxinfinance.commons</groupId>
  <artifactId>commons-util</artifactId>
  <version>1.0.0-SNAPSHOT</version>
  <versioning>
    <snapshot>
      <timestamp>20181203.085225</timestamp>
      <buildNumber>36</buildNumber>
    </snapshot>
    <lastUpdated>20181203085225</lastUpdated>
    <snapshotVersions>
      <snapshotVersion>
        <extension>jar</extension>
        <value>1.0.0-20181203.085225-36</value>
        <updated>20181203085225</updated>
      </snapshotVersion>
      <snapshotVersion>
        <extension>pom</extension>
        <value>1.0.0-20181203.085225-36</value>
        <updated>20181203085225</updated>
      </snapshotVersion>
      <snapshotVersion>
        <classifier>sources</classifier>
        <extension>jar</extension>
        <value>1.0.0-20180420.110754-25</value>
        <updated>20180420110754</updated>
      </snapshotVersion>
    </snapshotVersions>
  </versioning>
</metadata>
