<?xml version="1.0" encoding="UTF-8"?>
<metadata modelVersion="1.1.0">
  <groupId>com.xinxinfinance.commons</groupId>
  <artifactId>commons-util</artifactId>
  <version>1.0.3-SNAPSHOT</version>
  <versioning>
    <snapshot>
      <localCopy>true</localCopy>
    </snapshot>
    <lastUpdated>20180704122546</lastUpdated>
    <snapshotVersions>
      <snapshotVersion>
        <extension>jar</extension>
        <value>1.0.3-SNAPSHOT</value>
        <updated>20180704122546</updated>
      </snapshotVersion>
      <snapshotVersion>
        <extension>pom</extension>
        <value>1.0.3-SNAPSHOT</value>
        <updated>20180704122546</updated>
      </snapshotVersion>
    </snapshotVersions>
  </versioning>
</metadata>
