<?xml version="1.0" encoding="UTF-8"?>
<metadata modelVersion="1.1.0">
  <groupId>com.xinxinfinance.commons</groupId>
  <artifactId>commons-util</artifactId>
  <version>1.0.6-XXPD-1328-SNAPSHOT</version>
  <versioning>
    <snapshot>
      <timestamp>20190822.033258</timestamp>
      <buildNumber>1</buildNumber>
    </snapshot>
    <lastUpdated>20190822033258</lastUpdated>
    <snapshotVersions>
      <snapshotVersion>
        <extension>jar</extension>
        <value>1.0.6-XXPD-1328-20190822.033258-1</value>
        <updated>20190822033258</updated>
      </snapshotVersion>
      <snapshotVersion>
        <extension>pom</extension>
        <value>1.0.6-XXPD-1328-20190822.033258-1</value>
        <updated>20190822033258</updated>
      </snapshotVersion>
      <snapshotVersion>
        <classifier>sources</classifier>
        <extension>jar</extension>
        <value>1.0.6-XXPD-1328-20190822.033258-1</value>
        <updated>20190822033258</updated>
      </snapshotVersion>
    </snapshotVersions>
  </versioning>
</metadata>
