<?xml version="1.0" encoding="UTF-8"?>
<metadata>
  <groupId>com.xinxinfinance.commons</groupId>
  <artifactId>commons-util</artifactId>
  <versioning>
    <versions>
      <version>1.0.0-SNAPSHOT</version>
      <version>1.0.1-SNAPSHOT</version>
      <version>1.0.2-SNAPSHOT</version>
      <version>1.0.3-SNAPSHOT</version>
      <version>1.0.4-SNAPSHOT</version>
      <version>1.0.5-SNAPSHOT</version>
      <version>1.0.6-SNAPSHOT</version>
    </versions>
    <lastUpdated>20200416114419</lastUpdated>
  </versioning>
</metadata>
