<?xml version="1.0" encoding="UTF-8"?>
<metadata modelVersion="1.1.0">
  <groupId>com.xinxinfinance.commons</groupId>
  <artifactId>commons-api-support</artifactId>
  <version>1.0.0-SNAPSHOT</version>
  <versioning>
    <snapshot>
      <timestamp>20190613.095242</timestamp>
      <buildNumber>8</buildNumber>
    </snapshot>
    <lastUpdated>20190613095242</lastUpdated>
    <snapshotVersions>
      <snapshotVersion>
        <extension>jar</extension>
        <value>1.0.0-20190613.095242-8</value>
        <updated>20190613095242</updated>
      </snapshotVersion>
      <snapshotVersion>
        <extension>pom</extension>
        <value>1.0.0-20190613.095242-8</value>
        <updated>20190613095242</updated>
      </snapshotVersion>
      <snapshotVersion>
        <classifier>sources</classifier>
        <extension>jar</extension>
        <value>1.0.0-20180420.085029-5</value>
        <updated>20180420085029</updated>
      </snapshotVersion>
    </snapshotVersions>
  </versioning>
</metadata>
