<?xml version="1.0" encoding="UTF-8"?>
<metadata modelVersion="1.1.0">
  <groupId>com.xinxinfinance.commons</groupId>
  <artifactId>commons-util</artifactId>
  <version>1.0.6-SNAPSHOT</version>
  <versioning>
    <snapshot>
      <timestamp>20200416.114419</timestamp>
      <buildNumber>7</buildNumber>
    </snapshot>
    <lastUpdated>20200416114419</lastUpdated>
    <snapshotVersions>
      <snapshotVersion>
        <extension>jar</extension>
        <value>1.0.6-20200416.114419-7</value>
        <updated>20200416114419</updated>
      </snapshotVersion>
      <snapshotVersion>
        <extension>pom</extension>
        <value>1.0.6-20200416.114419-7</value>
        <updated>20200416114419</updated>
      </snapshotVersion>
    </snapshotVersions>
  </versioning>
</metadata>
