<?xml version="1.0" encoding="UTF-8"?>
<metadata modelVersion="1.1.0">
  <groupId>com.xinxinfinance.commons</groupId>
  <artifactId>commons-util</artifactId>
  <version>1.0.6-develop-SNAPSHOT</version>
  <versioning>
    <snapshot>
      <timestamp>20190904.034749</timestamp>
      <buildNumber>3</buildNumber>
    </snapshot>
    <lastUpdated>20190904034749</lastUpdated>
    <snapshotVersions>
      <snapshotVersion>
        <extension>jar</extension>
        <value>1.0.6-develop-20190904.034749-3</value>
        <updated>20190904034749</updated>
      </snapshotVersion>
      <snapshotVersion>
        <extension>pom</extension>
        <value>1.0.6-develop-20190904.034749-3</value>
        <updated>20190904034749</updated>
      </snapshotVersion>
      <snapshotVersion>
        <classifier>sources</classifier>
        <extension>jar</extension>
        <value>1.0.6-develop-20190904.034749-3</value>
        <updated>20190904034749</updated>
      </snapshotVersion>
    </snapshotVersions>
  </versioning>
</metadata>
