<?xml version="1.0" encoding="UTF-8"?>
<metadata modelVersion="1.1.0">
  <groupId>com.xinxinfinance.commons</groupId>
  <artifactId>commons-api-protocol</artifactId>
  <version>1.1.0-SNAPSHOT</version>
  <versioning>
    <snapshot>
      <timestamp>20200416.103720</timestamp>
      <buildNumber>6</buildNumber>
    </snapshot>
    <lastUpdated>20200416103720</lastUpdated>
    <snapshotVersions>
      <snapshotVersion>
        <extension>jar</extension>
        <value>1.1.0-20200416.103720-6</value>
        <updated>20200416103720</updated>
      </snapshotVersion>
      <snapshotVersion>
        <extension>pom</extension>
        <value>1.1.0-20200416.103720-6</value>
        <updated>20200416103720</updated>
      </snapshotVersion>
      <snapshotVersion>
        <classifier>sources</classifier>
        <extension>jar</extension>
        <value>1.1.0-20190614.021815-2</value>
        <updated>20190614021815</updated>
      </snapshotVersion>
    </snapshotVersions>
  </versioning>
</metadata>
