<?xml version="1.0" encoding="UTF-8"?>
<metadata modelVersion="1.1.0">
  <groupId>com.xinxinfinance.commons</groupId>
  <artifactId>commons-util</artifactId>
  <version>1.0.2-SNAPSHOT</version>
  <versioning>
    <snapshot>
      <timestamp>20180611.064332</timestamp>
      <buildNumber>1</buildNumber>
    </snapshot>
    <lastUpdated>20180611064332</lastUpdated>
    <snapshotVersions>
      <snapshotVersion>
        <extension>jar</extension>
        <value>1.0.2-20180611.064332-1</value>
        <updated>20180611064332</updated>
      </snapshotVersion>
      <snapshotVersion>
        <extension>pom</extension>
        <value>1.0.2-20180611.064332-1</value>
        <updated>20180611064332</updated>
      </snapshotVersion>
    </snapshotVersions>
  </versioning>
</metadata>
