<?xml version="1.0" encoding="UTF-8"?>
<metadata modelVersion="1.1.0">
  <groupId>com.xinxinfinance.commons</groupId>
  <artifactId>commons-util</artifactId>
  <version>1.0.4-SNAPSHOT</version>
  <versioning>
    <snapshot>
      <timestamp>20190725.073356</timestamp>
      <buildNumber>39</buildNumber>
    </snapshot>
    <lastUpdated>20190725073356</lastUpdated>
    <snapshotVersions>
      <snapshotVersion>
        <extension>jar</extension>
        <value>1.0.4-20190725.073356-39</value>
        <updated>20190725073356</updated>
      </snapshotVersion>
      <snapshotVersion>
        <extension>pom</extension>
        <value>1.0.4-20190725.073356-39</value>
        <updated>20190725073356</updated>
      </snapshotVersion>
      <snapshotVersion>
        <classifier>sources</classifier>
        <extension>jar</extension>
        <value>1.0.4-20190718.072048-38</value>
        <updated>20190718072048</updated>
      </snapshotVersion>
    </snapshotVersions>
  </versioning>
</metadata>
