<?xml version="1.0" encoding="UTF-8"?>
<metadata modelVersion="1.1.0">
  <groupId>com.xinxinfinance.commons</groupId>
  <artifactId>commons-api-protocol</artifactId>
  <version>1.0.0-SNAPSHOT</version>
  <versioning>
    <snapshot>
      <localCopy>true</localCopy>
    </snapshot>
    <lastUpdated>20190613134634</lastUpdated>
    <snapshotVersions>
      <snapshotVersion>
        <extension>jar</extension>
        <value>1.0.0-SNAPSHOT</value>
        <updated>20190613134634</updated>
      </snapshotVersion>
      <snapshotVersion>
        <extension>pom</extension>
        <value>1.0.0-SNAPSHOT</value>
        <updated>20190613134634</updated>
      </snapshotVersion>
    </snapshotVersions>
  </versioning>
</metadata>
