<?xml version="1.0" encoding="UTF-8"?>
<metadata modelVersion="1.1.0">
  <groupId>com.xinxinfinance.commons</groupId>
  <artifactId>commons-api-protocol</artifactId>
  <version>1.0.0-SNAPSHOT</version>
  <versioning>
    <snapshot>
      <timestamp>20190613.134629</timestamp>
      <buildNumber>11</buildNumber>
    </snapshot>
    <lastUpdated>20190613134629</lastUpdated>
    <snapshotVersions>
      <snapshotVersion>
        <extension>jar</extension>
        <value>1.0.0-20190613.134629-11</value>
        <updated>20190613134629</updated>
      </snapshotVersion>
      <snapshotVersion>
        <extension>pom</extension>
        <value>1.0.0-20190613.134629-11</value>
        <updated>20190613134629</updated>
      </snapshotVersion>
      <snapshotVersion>
        <classifier>sources</classifier>
        <extension>jar</extension>
        <value>1.0.0-20180420.085026-5</value>
        <updated>20180420085026</updated>
      </snapshotVersion>
    </snapshotVersions>
  </versioning>
</metadata>
