<?xml version="1.0" encoding="UTF-8"?>
<metadata modelVersion="1.1.0">
  <groupId>com.xinxinfinance.commons</groupId>
  <artifactId>commons-api-support</artifactId>
  <version>1.1.0-SNAPSHOT</version>
  <versioning>
    <snapshot>
      <timestamp>20190614.021705</timestamp>
      <buildNumber>1</buildNumber>
    </snapshot>
    <lastUpdated>20190614021705</lastUpdated>
    <snapshotVersions>
      <snapshotVersion>
        <extension>jar</extension>
        <value>1.1.0-20190614.021705-1</value>
        <updated>20190614021705</updated>
      </snapshotVersion>
      <snapshotVersion>
        <extension>pom</extension>
        <value>1.1.0-20190614.021705-1</value>
        <updated>20190614021705</updated>
      </snapshotVersion>
    </snapshotVersions>
  </versioning>
</metadata>
